masv,ho,ten,gioitinh,ngaysinh,email,didong,cmnd,hocbong,makh
C0001,Khương Thảo,Loan,False,1999-01-04 00:00:00,ktloan@gmail.com,0987314518          ,586900775484,2000000,CN
C0002,Đặng Bạch,Ngọc,True,1999-11-11 00:00:00,dbngoc@gmail.com,0987587327          ,274387352269,0,CN
C0003,Phạm Văn Minh,Thiện,True,1999-11-23 00:00:00,pvmthien@gmail.com,0987858734          ,835772714136,0,CN
C0004,Đinh Thị Thanh,Dung,False,1999-01-19 00:00:00,dttdung@gmail.com,0987508413          ,373064334392,1000000,CN
C0005,Trần Mạnh,Thiện,True,1999-08-19 00:00:00,tmthien@gmail.com,0987579776          ,233384596844,1000000,CN
C0006,Trần Văn Minh,Hiệu,True,1999-12-12 00:00:00,tvmhieu@gmail.com,0168595875          ,065746412487,1000000,CN
C0007,Lê Thị,Mai,False,1999-09-13 00:00:00,ltmai@gmail.com,0168116548          ,123537817134,2000000,CN
C0008,Bạch Vĩnh,Tuấn,True,1999-06-08 00:00:00,bvtuan@gmail.com,0987682839          ,643872714468,1000000,CN
C0009,Thái Thị Thanh,Nhung,False,1999-07-18 00:00:00,tttnhung@gmail.com,0913555665          ,943138244683,0,CN
C0010,Khương Văn Minh,Trọng,True,1999-10-01 00:00:00,kvmtrong@gmail.com,0913557276          ,548347163939,2000000,CN
C0011,Hoàng Thảo,Thúy,False,1999-12-07 00:00:00,htthuy@gmail.com,0987337162          ,948793354375,1000000,CN
C0012,Mã Vĩnh,Thiệu,True,1999-10-09 00:00:00,mvthieu@gmail.com,0168135829          ,522178884206,3000000,CN
C0013,Nguyễn Minh,Thu,False,1999-07-18 00:00:00,nmthu@gmail.com,0168591321          ,455733571868,1000000,CN
C0014,Khương Thị,Ly,False,1999-02-11 00:00:00,ktly@gmail.com,0987712052          ,454614611224,0,CN
C0015,Vương Thị Thanh,Loan,False,1999-03-12 00:00:00,vttloan@gmail.com,0913722185          ,360627878957,1000000,CN
C0016,Nguyễn Thảo,Trang,False,1999-09-11 00:00:00,nttrang@gmail.com,0987514786          ,219366710413,1000000,CN
C0017,Lê Thị Thảo,Đào,False,1999-12-27 00:00:00,lttdao@gmail.com,0987489713          ,434775158867,2000000,CN
C0018,Mã Thảo,Lan,False,1999-02-07 00:00:00,mtlan@gmail.com,0168975412          ,529235332621,1000000,CN
C0019,Thái Ngọc,Mỹ,True,1999-02-24 00:00:00,tnmy@gmail.com,0913595747          ,547026826518,1000000,CN
C0020,Phạm Bạch,Minh,True,1999-10-03 00:00:00,pbminh@gmail.com,0168151138          ,367172436369,1000000,CN
C0021,Vương Vĩnh,Hòa,True,1999-01-03 00:00:00,vvhoa@gmail.com,0987334366          ,661854084622,3000000,CN
C0022,Lý Phú,Ngọc,True,1999-05-14 00:00:00,lpngoc@gmail.com,0987465869          ,528385466287,2000000,CN
C0023,Nguyễn Thị Thanh,Lan,False,1999-09-08 00:00:00,nttlan@gmail.com,0913617889          ,825227227464,2000000,CN
C0024,Thái Nam,Sinh,True,1999-11-17 00:00:00,tnsinh@gmail.com,0913102284          ,371352323158,1000000,CN
C0025,Phạm Phương,Phương,False,1999-06-15 00:00:00,ppphuong@gmail.com,0168374535          ,774375787574,3000000,CN
C0026,Lâm Vĩnh,Hiệu,True,1999-07-26 00:00:00,lvhieu@gmail.com,0987880747          ,304474621035,0,CN
C0027,Đinh Thanh,Mỹ,True,1999-11-26 00:00:00,dtmy@gmail.com,0913774531          ,461863655265,0,CN
C0028,Lâm Nam,Sinh,True,1999-07-24 00:00:00,lnsinh@gmail.com,0168613393          ,747111658838,0,CN
C0029,Khương Ngọc,Minh,True,1999-10-28 00:00:00,knminh@gmail.com,0168792295          ,545397337618,1000000,CN
C0030,Phạm Vĩnh,Phong,True,1999-09-05 00:00:00,pvphong@gmail.com,0913803291          ,153237946751,2000000,CN
C0031,Lý Thảo,Thúy,False,1999-07-05 00:00:00,ltthuy@gmail.com,0987566402          ,013098347676,3000000,CN
C0032,Mã Thị,Ly,False,1999-05-30 00:00:00,mtly@gmail.com,0168675486          ,822643610887,0,CN
C0033,Mã Văn Minh,Trọng,True,1999-09-03 00:00:00,mvmtrong@gmail.com,0987078641          ,532328788440,3000000,CN
C0034,Thái Minh,Phương,True,1999-07-09 00:00:00,tmphuong@gmail.com,0987687468          ,925518195176,3000000,CN
C0035,Văn Phú,Tâm,True,1999-02-07 00:00:00,vptam@gmail.com,0913852739          ,445786618758,0,CN
C0036,Lý Minh,Minh,False,1999-09-13 00:00:00,lmminh@gmail.com,0987364828          ,112484556945,2000000,CN
C0037,Cao Văn Minh,Phong,True,1999-08-12 00:00:00,cvmphong@gmail.com,0913652620          ,526508349404,1000000,CN
C0038,Mã Bạch,Mỹ,True,1999-07-18 00:00:00,mbmy@gmail.com,0913563968          ,553672304485,0,CN
C0039,Cao Mạnh,Thiện,True,1999-03-20 00:00:00,cmthien@gmail.com,0987842511          ,793370470912,0,CN
C0040,Thái Thảo,Hoa,False,1999-02-03 00:00:00,tthoa@gmail.com,0913128448          ,470038563157,0,CN
C0041,Bạch Văn,Hiệu,True,1999-10-06 00:00:00,bvhieu@gmail.com,0987465746          ,212395601335,2000000,CN
C0042,Đàm Vĩnh,Dũng,True,1999-08-04 00:00:00,dvdung@gmail.com,0913702776          ,237164154244,3000000,CN
C0043,Bạch Thị Thanh,Nhung,False,1999-10-30 00:00:00,bttnhung@gmail.com,0168114496          ,040440424749,3000000,CN
C0044,Bạch Thị,Thúy,False,1999-11-09 00:00:00,btthuy@gmail.com,0987681542          ,483340458851,0,CN
C0045,Thái Nam,Tân,True,1999-01-03 00:00:00,tntan@gmail.com,0168841324          ,676458978939,3000000,CN
C0046,Bạch Nam,Huy,True,1999-05-14 00:00:00,bnhuy@gmail.com,0913533371          ,252192066524,0,CN
C0047,Lê Văn Minh,Thiệu,True,1999-05-12 00:00:00,lvmthieu@gmail.com,0913101488          ,597631265016,2000000,CN
C0048,Đàm Thảo,Hoa,False,1999-09-12 00:00:00,dthoa@gmail.com,0913416223          ,941151719519,1000000,CN
C0049,Lý Văn,Dũng,True,1999-09-12 00:00:00,lvdung@gmail.com,0913541297          ,618232837549,3000000,CN
C0050,Trần Minh,Ngân,True,1999-11-13 00:00:00,tmngan@gmail.com,0987775844          ,721151517252,2000000,CN
C0051,Lâm Thị Thảo,Loan,False,1999-01-09 00:00:00,lttloan@gmail.com,0168418373          ,311628625536,0,CN
C0052,Lê Thị Thảo,Ly,False,1999-02-14 00:00:00,lttly@gmail.com,0168434476          ,874368763621,1000000,CN
C0053,Hoàng Văn,Phong,True,1999-06-29 00:00:00,hvphong@gmail.com,0168238108          ,517573018661,2000000,CN
C0054,Lý Vĩnh,Sinh,True,1999-05-25 00:00:00,lvsinh@gmail.com,0913134764          ,145528667746,0,CN
C0055,Lê Thảo,Hương,False,1999-11-06 00:00:00,lthuong@gmail.com,0168706154          ,676648731450,2000000,CN
C0056,Thái Thảo,Đào,False,1999-09-19 00:00:00,ttdao@gmail.com,0987815189          ,516795333424,0,CN
C0057,Vương Thị Thảo,Hạnh,False,1999-03-18 00:00:00,vtthanh@gmail.com,0168116314          ,617118944211,3000000,CN
C0058,Trần Văn Minh,Tuấn,True,1999-05-30 00:00:00,tvmtuan@gmail.com,0913176166          ,516553888135,1000000,CN
C0059,Thái Thảo,Trúc,False,1999-07-08 00:00:00,tttruc@gmail.com,0987863212          ,443853693305,2000000,CN
C0060,Văn Thị,Lan,False,1999-05-20 00:00:00,vtlan@gmail.com,0913926778          ,772255381968,3000000,CN
C0061,Đặng Vĩnh,Sinh,True,1999-10-07 00:00:00,dvsinh@gmail.com,0168640925          ,526139812378,2000000,CN
C0062,Hoàng Thị Thanh,Đào,False,1999-10-02 00:00:00,httdao@gmail.com,0913323153          ,516686165844,3000000,CN
C0063,Đặng Nam,Lộc,True,1999-09-26 00:00:00,dnloc@gmail.com,0987122436          ,318832473437,0,CN
C0064,Lâm Vĩnh,Thiệu,True,1999-07-08 00:00:00,lvthieu@gmail.com,0987456418          ,510234875224,2000000,CN
C0065,Lâm Thảo,Trúc,False,1999-09-19 00:00:00,lttruc@gmail.com,0987113162          ,613542186162,3000000,CN
C0066,Mã Phú,Tâm,False,1999-12-28 00:00:00,mptam@gmail.com,0987340442          ,067145136407,2000000,CN
C0067,Lâm Thảo,Hạnh,False,1999-11-20 00:00:00,lthanh@gmail.com,0913675266          ,294514656243,0,CN
C0068,Khương Vĩnh,Sinh,True,1999-01-02 00:00:00,kvsinh@gmail.com,0987841607          ,914741875843,0,CN
C0069,Cao Nam,Tuấn,True,1999-10-22 00:00:00,cntuan@gmail.com,0987760225          ,271368304726,2000000,CN
C0070,Đặng Thị,Nhung,False,1999-09-29 00:00:00,dtnhung@gmail.com,0987233358          ,458167981145,0,CN
C0071,Khương Thanh,Thanh,False,1999-03-13 00:00:00,ktthanh@gmail.com,0168852812          ,942543336435,0,CN
C0072,Thái Mạnh,Lộc,True,1999-12-05 00:00:00,tmloc@gmail.com,0987155833          ,055768329142,3000000,CN
C0073,Trần Thảo,Hạnh,False,1999-03-23 00:00:00,tthanh@gmail.com,0987718558          ,451357224741,1000000,CN
C0074,Thái Thảo,Nga,False,1999-02-23 00:00:00,ttnga@gmail.com,0168122579          ,443293205719,3000000,CN
C0075,Lê Thảo,Hoa,False,1999-05-15 00:00:00,lthoa@gmail.com,0913243932          ,662273790256,3000000,CN
C0076,Nguyễn Thanh,Phương,True,1999-02-20 00:00:00,ntphuong@gmail.com,0913347446          ,287315632735,3000000,CN
C0077,Lâm Minh,Ngọc,True,1999-06-12 00:00:00,lmngoc@gmail.com,0913451494          ,288671403446,2000000,CN
C0078,Đinh Phú,Thanh,False,1999-02-04 00:00:00,dpthanh@gmail.com,0987088328          ,613575775966,2000000,CN
C0079,Cao Thị Thanh,Trúc,False,1999-03-06 00:00:00,ctttruc@gmail.com,0168428594          ,525845671504,1000000,CN
C0080,Bạch Thanh,Thanh,False,1999-01-04 00:00:00,btthanh@gmail.com,0913843497          ,169614465950,3000000,CN
C0081,Bạch Thị,Thúy,False,1999-10-26 00:00:00,btthuy@gmail.com,0913278353          ,284278757522,3000000,CN
C0082,Đàm Phương,Ngân,True,1999-02-23 00:00:00,dpngan@gmail.com,0168192289          ,671904984705,0,CN
C0083,Văn Thị,Ly,False,1999-12-28 00:00:00,vtly@gmail.com,0913826240          ,522583923577,2000000,CN
C0084,Bạch Phương,Ngọc,True,1999-02-19 00:00:00,bpngoc@gmail.com,0913184553          ,883019433248,0,CN
C0085,Nguyễn Thảo,Trúc,False,1999-01-27 00:00:00,nttruc@gmail.com,0913741348          ,406305473473,2000000,CN
C0086,Văn Văn Minh,Thăng,True,1999-10-21 00:00:00,vvmthang@gmail.com,0913252673          ,131114664148,2000000,CN
C0087,Đinh Thảo,Trúc,False,1999-05-06 00:00:00,dttruc@gmail.com,0987772773          ,866951746664,1000000,CN
C0088,Đinh Văn Minh,Thiệu,True,1999-06-04 00:00:00,dvmthieu@gmail.com,0913837727          ,526414384848,1000000,CN
C0089,Lâm Mạnh,Phong,True,1999-02-25 00:00:00,lmphong@gmail.com,0168544311          ,331825385257,2000000,CN
C0090,Thái Văn Minh,Sinh,True,1999-05-04 00:00:00,tvmsinh@gmail.com,0987637112          ,851917606722,2000000,CN
C0091,Nguyễn Thảo,Ly,False,1999-11-07 00:00:00,ntly@gmail.com,0913147858          ,603340642051,2000000,CN
C0092,Trần Thảo,Nhung,False,1999-09-25 00:00:00,ttnhung@gmail.com,0913676681          ,875143466950,1000000,CN
C0093,Bạch Vĩnh,Lộc,True,1999-04-04 00:00:00,bvloc@gmail.com,0987332563          ,815761759293,0,CN
C0094,Lê Nam,Thiệu,True,1999-02-25 00:00:00,lnthieu@gmail.com,0987884525          ,687543421219,3000000,CN
C0095,Cao Nam,Dũng,True,1999-09-15 00:00:00,cndung@gmail.com,0913309378          ,328121584033,3000000,CN
C0096,Văn Ngọc,Ngọc,False,1999-11-22 00:00:00,vnngoc@gmail.com,0913166025          ,337766688433,3000000,CN
C0097,Phạm Thị Thanh,Lan,False,1999-08-07 00:00:00,pttlan@gmail.com,0987159337          ,518644964204,2000000,CN
C0098,Văn Thị Thanh,Nga,False,1999-06-20 00:00:00,vttnga@gmail.com,0168929323          ,670312616514,1000000,CN
C0099,Đàm Minh,Thu,True,1999-08-07 00:00:00,dmthu@gmail.com,0913297897          ,075954405147,0,CN
C0100,Cao Văn,Huy,True,1999-09-19 00:00:00,cvhuy@gmail.com,0987571969          ,236368088716,1000000,CN
C0101,Khương Thảo,Dung,False,1999-04-05 00:00:00,ktdung@gmail.com,0168490255          ,818383527641,0,CN
C0102,Mã Thảo,Ly,False,1999-05-11 00:00:00,mtly@gmail.com,0913155875          ,222824361015,3000000,CN
C0103,Vương Văn,Hiệu,True,1999-07-07 00:00:00,vvhieu@gmail.com,0913040177          ,423261991223,0,CN
C0104,Lê Nam,Huy,True,1999-04-14 00:00:00,lnhuy@gmail.com,0987378557          ,882696553923,2000000,CN
C0105,Hoàng Vĩnh,Tân,True,1999-10-11 00:00:00,hvtan@gmail.com,0168442133          ,755741396622,3000000,CN
C0106,Thái Thảo,Lan,False,1999-07-09 00:00:00,ttlan@gmail.com,0987682393          ,788776541131,0,CN
C0107,Lâm Thị,Hương,False,1999-02-07 00:00:00,lthuong@gmail.com,0987542436          ,515657376151,0,CN
C0108,Bạch Văn Minh,Sinh,True,1999-02-08 00:00:00,bvmsinh@gmail.com,0168873574          ,657411375806,2000000,CN
C0109,Bạch Thị,Hoa,False,1999-10-14 00:00:00,bthoa@gmail.com,0913174720          ,347889227616,1000000,CN
C0110,Hoàng Nam,Huy,True,1999-06-06 00:00:00,hnhuy@gmail.com,0913275310          ,837111246336,3000000,CN
C0111,Thái Thảo,Ly,False,1999-02-08 00:00:00,ttly@gmail.com,0987578191          ,218467044376,0,CN
C0112,Phạm Thị Thanh,Nhung,False,1999-01-21 00:00:00,pttnhung@gmail.com,0168247951          ,746366546578,0,CN
C0113,Khương Văn Minh,Thiệu,True,1999-05-10 00:00:00,kvmthieu@gmail.com,0987682465          ,608831417298,0,CN
C0114,Vương Bạch,Ngọc,True,1999-02-19 00:00:00,vbngoc@gmail.com,0913017162          ,514836267938,0,CN
C0115,Hoàng Phương,Mỹ,False,1999-10-21 00:00:00,hpmy@gmail.com,0913812572          ,735328417911,0,CN
C0116,Văn Thị Thanh,Đào,False,1999-03-11 00:00:00,vttdao@gmail.com,0987536841          ,537879732291,2000000,CN
C0117,Lâm Thị Thanh,Đào,False,1999-04-10 00:00:00,lttdao@gmail.com,0168227373          ,686942154163,2000000,CN
C0118,Khương Văn,Bảo,True,1999-05-10 00:00:00,kvbao@gmail.com,0913445288          ,457626333763,1000000,CN
C0119,Cao Thảo,Thúy,False,1999-03-17 00:00:00,ctthuy@gmail.com,0168451848          ,718876653390,2000000,CN
C0120,Hoàng Văn Minh,Hòa,True,1999-08-15 00:00:00,hvmhoa@gmail.com,0168507265          ,596374804815,0,CN
C0121,Đặng Thanh,Minh,False,1999-04-11 00:00:00,dtminh@gmail.com,0987093434          ,763312562743,0,CN
C0122,Đặng Ngọc,Thanh,True,1999-08-04 00:00:00,dnthanh@gmail.com,0168488289          ,863396390717,1000000,CN
C0123,Nguyễn Văn Minh,Bảo,True,1999-07-15 00:00:00,nvmbao@gmail.com,0987742972          ,755261131243,0,CN
C0124,Đinh Thị Thanh,Loan,False,1999-04-26 00:00:00,dttloan@gmail.com,0913421473          ,333202646447,3000000,CN
C0125,Thái Phú,Ngọc,True,1999-11-26 00:00:00,tpngoc@gmail.com,0168112483          ,381872345627,2000000,CN
C0126,Đặng Nam,Trọng,True,1999-07-11 00:00:00,dntrong@gmail.com,0168595738          ,376085441897,2000000,CN
C0127,Cao Văn Minh,Hiệu,True,1999-03-29 00:00:00,cvmhieu@gmail.com,0168982483          ,825378816396,0,CN
C0128,Đinh Thị Thanh,Đào,False,1999-08-04 00:00:00,dttdao@gmail.com,0168643551          ,567223381124,0,CN
C0129,Phạm Văn,Sinh,True,1999-03-31 00:00:00,pvsinh@gmail.com,0987463816          ,149778805950,0,CN
C0130,Đặng Mạnh,Huy,True,1999-05-27 00:00:00,dmhuy@gmail.com,0913467919          ,139279537371,0,CN
C0131,Khương Văn Minh,Huy,True,1999-10-16 00:00:00,kvmhuy@gmail.com,0168541651          ,434456744897,1000000,CN
C0132,Phạm Thị Thanh,Dung,False,1999-09-07 00:00:00,pttdung@gmail.com,0913172326          ,042648721276,2000000,CN
C0133,Phạm Thanh,Tâm,False,1999-04-16 00:00:00,pttam@gmail.com,0168587261          ,710230037048,2000000,CN
C0134,Trần Thảo,Trang,False,1999-07-13 00:00:00,tttrang@gmail.com,0913523286          ,886868678152,0,CN
C0135,Đàm Vĩnh,Mẫn,True,1999-06-11 00:00:00,dvman@gmail.com,0913547957          ,532153343807,3000000,CN
C0136,Văn Bạch,Mỹ,True,1999-04-29 00:00:00,vbmy@gmail.com,0987419127          ,203372986103,1000000,CN
C0137,Văn Nam,Bảo,True,1999-05-05 00:00:00,vnbao@gmail.com,0168831446          ,247276566588,3000000,CN
C0138,Văn Thảo,Mai,False,1999-06-13 00:00:00,vtmai@gmail.com,0987802591          ,056434403148,0,CN
C0139,Mã Nam,Sinh,True,1999-05-13 00:00:00,mnsinh@gmail.com,0168226058          ,738245204655,1000000,CN
C0140,Đàm Vĩnh,Thăng,True,1999-12-02 00:00:00,dvthang@gmail.com,0913063278          ,681253422515,0,CN
C0141,Thái Thị Thanh,Mai,False,1999-10-29 00:00:00,tttmai@gmail.com,0987926366          ,111649423105,0,CN
C0142,Văn Thị Thảo,Thúy,False,1999-10-17 00:00:00,vttthuy@gmail.com,0168616505          ,674018988497,2000000,CN
C0143,Lý Minh,Thanh,True,1999-03-13 00:00:00,lmthanh@gmail.com,0913158873          ,708163564385,3000000,CN
C0144,Nguyễn Nam,Hiệu,True,1999-04-18 00:00:00,nnhieu@gmail.com,0987446168          ,765666386282,0,CN
C0145,Đặng Thanh,Mỹ,False,1999-10-05 00:00:00,dtmy@gmail.com,0913896263          ,389841192358,2000000,CN
C0146,Vương Thị Thanh,Hạnh,False,1999-10-16 00:00:00,vtthanh@gmail.com,0987773165          ,488884215176,1000000,CN
C0147,Nguyễn Thị Thanh,Đào,False,1999-02-21 00:00:00,nttdao@gmail.com,0987742684          ,999921411778,1000000,CN
C0148,Đặng Văn,Thăng,True,1999-03-16 00:00:00,dvthang@gmail.com,0913937413          ,440982447566,1000000,CN
C0149,Cao Thị Thảo,Hương,False,1999-12-14 00:00:00,ctthuong@gmail.com,0168821044          ,700652622226,0,CN
C0150,Lâm Văn Minh,Thăng,True,1999-10-02 00:00:00,lvmthang@gmail.com,0913576733          ,546483764245,3000000,CN
C0151,Lý Thị Thảo,Hạnh,False,1999-07-06 00:00:00,ltthanh@gmail.com,0913883771          ,636424656341,0,CN
C0152,Đặng Thị Thanh,Lan,False,1999-09-24 00:00:00,dttlan@gmail.com,0913216005          ,326354418416,1000000,CN
C0153,Phạm Thanh,Phương,True,1999-07-11 00:00:00,ptphuong@gmail.com,0913516753          ,114781757667,2000000,CN
C0154,Cao Văn Minh,Bảo,True,1999-05-11 00:00:00,cvmbao@gmail.com,0913598140          ,530460808272,3000000,CN
C0155,Trần Văn,Kiệt,True,1999-10-04 00:00:00,tvkiet@gmail.com,0913718235          ,513865093570,0,CN
C0156,Hoàng Thị Thanh,Hạnh,False,1999-01-07 00:00:00,htthanh@gmail.com,0168455842          ,137200937088,0,CN
C0157,Trần Minh,Mỹ,False,1999-02-28 00:00:00,tmmy@gmail.com,0913058821          ,592562456252,2000000,CN
C0158,Trần Nam,Tuấn,True,1999-02-07 00:00:00,tntuan@gmail.com,0913416377          ,508723746611,1000000,CN
C0159,Cao Thị Thanh,Hạnh,False,1999-04-07 00:00:00,ctthanh@gmail.com,0913321232          ,247255066175,1000000,CN
C0160,Phạm Thảo,Mai,False,1999-12-19 00:00:00,ptmai@gmail.com,0987316732          ,791319761675,0,CN
C0161,Mã Phú,Tâm,False,1999-11-26 00:00:00,mptam@gmail.com,0168142883          ,015174421341,3000000,CN
C0162,Đinh Văn Minh,Thăng,True,1999-08-19 00:00:00,dvmthang@gmail.com,0987976853          ,542952314914,1000000,CN
C0163,Đàm Ngọc,Thanh,True,1999-03-12 00:00:00,dnthanh@gmail.com,0913315935          ,638327421817,0,CN
C0164,Thái Minh,Mỹ,False,1999-01-09 00:00:00,tmmy@gmail.com,0913313205          ,242333228303,1000000,CN
C0165,Văn Minh,Ngọc,False,1999-08-25 00:00:00,vmngoc@gmail.com,0168620574          ,489655252872,0,CN
C0166,Lâm Bạch,Thanh,False,1999-07-20 00:00:00,lbthanh@gmail.com,0168048752          ,337365086252,1000000,CN
C0167,Mã Thảo,Ly,False,1999-03-20 00:00:00,mtly@gmail.com,0168465823          ,543884377340,2000000,CN
C0168,Hoàng Phương,Tâm,False,1999-06-26 00:00:00,hptam@gmail.com,0987581151          ,887284523307,2000000,CN
C0169,Đinh Văn Minh,Vỹ,True,1999-08-13 00:00:00,dvmvy@gmail.com,0987248889          ,218434311216,1000000,CN
C0170,Phạm Thị Thanh,Loan,False,1999-08-29 00:00:00,pttloan@gmail.com,0168765983          ,426515279387,0,CN
C0171,Vương Phú,Minh,False,1999-02-14 00:00:00,vpminh@gmail.com,0168556656          ,236761288312,0,CN
C0172,Văn Thị Thanh,Mai,False,1999-11-21 00:00:00,vttmai@gmail.com,0913713628          ,766853715456,2000000,CN
C0173,Trần Nam,Hiệu,True,1999-08-01 00:00:00,tnhieu@gmail.com,0987768345          ,206674606558,1000000,CN
C0174,Hoàng Nam,Thiệu,True,1999-04-18 00:00:00,hnthieu@gmail.com,0987741872          ,152112623703,1000000,CN
C0175,Đặng Thảo,Lan,False,1999-05-29 00:00:00,dtlan@gmail.com,0987644618          ,343353430123,3000000,CN
C0176,Cao Minh,Ngọc,True,1999-12-13 00:00:00,cmngoc@gmail.com,0913560171          ,971184119618,2000000,CN
C0177,Đặng Thị,Lan,False,1999-03-28 00:00:00,dtlan@gmail.com,0987185204          ,013187548126,3000000,CN
C0178,Đàm Văn,Lộc,True,1999-05-21 00:00:00,dvloc@gmail.com,0913448520          ,988837909681,2000000,CN
C0179,Văn Thị,Hạnh,False,1999-07-26 00:00:00,vthanh@gmail.com,0913732566          ,340879046922,2000000,CN
C0180,Nguyễn Văn Minh,Huy,True,1999-04-19 00:00:00,nvmhuy@gmail.com,0168343911          ,925804559478,2000000,CN
C0181,Đàm Mạnh,Kiệt,True,1999-11-04 00:00:00,dmkiet@gmail.com,0913312686          ,523274941356,2000000,CN
C0182,Khương Phương,Ngân,True,1999-04-08 00:00:00,kpngan@gmail.com,0913285653          ,210614313643,3000000,CN
C0183,Lê Văn Minh,Vỹ,True,1999-02-06 00:00:00,lvmvy@gmail.com,0987153235          ,396291512932,0,CN
C0184,Mã Thảo,Dung,False,1999-11-11 00:00:00,mtdung@gmail.com,0168745287          ,815006872808,0,CN
C0185,Lý Văn Minh,Phong,True,1999-08-20 00:00:00,lvmphong@gmail.com,0168889657          ,223939606261,3000000,CN
C0186,Lý Thảo,Hạnh,False,1999-07-26 00:00:00,lthanh@gmail.com,0987083017          ,388574724271,2000000,CN
C0187,Đinh Thảo,Hương,False,1999-02-25 00:00:00,dthuong@gmail.com,0987387763          ,982019652919,2000000,CN
C0188,Đặng Thanh,Ngọc,False,1999-04-05 00:00:00,dtngoc@gmail.com,0987834114          ,819233571527,1000000,CN
C0189,Lý Thị Thảo,Hương,False,1999-06-10 00:00:00,ltthuong@gmail.com,0168897157          ,113561413663,0,CN
C0190,Văn Thị Thảo,Loan,False,1999-07-21 00:00:00,vttloan@gmail.com,0913178556          ,344276294087,2000000,CN
C0191,Đặng Thảo,Ly,False,1999-09-09 00:00:00,dtly@gmail.com,0913438784          ,145548963406,3000000,CN
C0192,Lâm Vĩnh,Tân,True,1999-04-23 00:00:00,lvtan@gmail.com,0913953273          ,556760801316,3000000,CN
C0193,Lý Vĩnh,Tuấn,True,1999-12-25 00:00:00,lvtuan@gmail.com,0987482842          ,890156462574,2000000,CN
C0194,Trần Văn Minh,Tuấn,True,1999-03-08 00:00:00,tvmtuan@gmail.com,0987088479          ,314348477273,1000000,CN
C0195,Lê Văn,Kiệt,True,1999-09-02 00:00:00,lvkiet@gmail.com,0987526642          ,340619040482,3000000,CN
C0196,Đinh Ngọc,Thu,False,1999-06-16 00:00:00,dnthu@gmail.com,0168502711          ,157472777324,0,CN
C0197,Đinh Thảo,Mai,False,1999-01-27 00:00:00,dtmai@gmail.com,0168205239          ,683282117879,3000000,CN
C0198,Lê Văn Minh,Thiện,True,1999-06-27 00:00:00,lvmthien@gmail.com,0913495078          ,163946544228,2000000,CN
C0199,Bạch Phương,Mỹ,True,1999-03-03 00:00:00,bpmy@gmail.com,0168855668          ,704895779953,0,CN
C0200,Đinh Văn,Phong,True,1999-07-21 00:00:00,dvphong@gmail.com,0168985248          ,113824473918,3000000,CN
C0201,Lý Vĩnh,Sang,True,1999-01-29 00:00:00,lvsang@gmail.com,0168458283          ,116681821024,0,CN
C0202,Lê Thảo,Nga,False,1999-02-25 00:00:00,ltnga@gmail.com,0913399918          ,622956823559,2000000,CN
C0203,Khương Thanh,Phương,False,1999-06-01 00:00:00,ktphuong@gmail.com,0913257653          ,813464485434,2000000,CN
C0204,Khương Văn Minh,Tân,True,1999-08-10 00:00:00,kvmtan@gmail.com,0987186154          ,680791265074,3000000,CN
C0205,Cao Văn,Phong,True,1999-04-10 00:00:00,cvphong@gmail.com,0913513318          ,467601440437,2000000,CN
C0206,Hoàng Nam,Tuấn,True,1999-08-13 00:00:00,hntuan@gmail.com,0168277247          ,563185517187,0,CN
C0207,Cao Thanh,Thanh,True,1999-07-06 00:00:00,ctthanh@gmail.com,0168138144          ,330253701009,3000000,CN
C0208,Khương Vĩnh,Tuấn,True,1999-04-28 00:00:00,kvtuan@gmail.com,0168966584          ,158106948490,2000000,CN
C0209,Lâm Vĩnh,Mẫn,True,1999-05-07 00:00:00,lvman@gmail.com,0987843380          ,507951727533,0,CN
C0210,Hoàng Văn Minh,Hòa,True,1999-08-25 00:00:00,hvmhoa@gmail.com,0987613368          ,838826475369,1000000,CN
C0211,Vương Văn Minh,Tuấn,True,1999-11-27 00:00:00,vvmtuan@gmail.com,0168781200          ,578244881843,2000000,CN
C0212,Trần Thị Thanh,Mai,False,1999-10-30 00:00:00,tttmai@gmail.com,0913300524          ,974288773773,1000000,CN
C0213,Văn Thị Thanh,Ly,False,1999-06-06 00:00:00,vttly@gmail.com,0168476335          ,283286560567,2000000,CN
C0214,Mã Thảo,Thúy,False,1999-01-25 00:00:00,mtthuy@gmail.com,0987424537          ,113315323846,0,CN
C0215,Đàm Thị Thanh,Hạnh,False,1999-06-05 00:00:00,dtthanh@gmail.com,0987358836          ,985154249933,3000000,CN
C0216,Đinh Thanh,Thanh,False,1999-04-09 00:00:00,dtthanh@gmail.com,0987705817          ,531437738832,1000000,CN
C0217,Trần Bạch,Thu,True,1999-08-18 00:00:00,tbthu@gmail.com,0987731662          ,753178473118,2000000,CN
C0218,Khương Thị Thanh,Mai,False,1999-10-02 00:00:00,kttmai@gmail.com,0987938472          ,093559659361,3000000,CN
C0219,Đinh Thảo,Đào,False,1999-05-27 00:00:00,dtdao@gmail.com,0168997275          ,720365242316,1000000,CN
C0220,Thái Mạnh,Huy,True,1999-12-03 00:00:00,tmhuy@gmail.com,0987494526          ,401081351210,3000000,CN
C0221,Lý Ngọc,Ngân,False,1999-05-19 00:00:00,lnngan@gmail.com,0168808232          ,315602028410,0,CN
C0222,Lê Thảo,Trúc,False,1999-11-11 00:00:00,lttruc@gmail.com,0913527668          ,409074012627,0,CN
C0223,Khương Minh,Tâm,True,1999-04-12 00:00:00,kmtam@gmail.com,0913065257          ,158993544183,0,CN
C0224,Lê Nam,Bảo,True,1999-08-21 00:00:00,lnbao@gmail.com,0913472857          ,420187384946,1000000,CN
C0225,Lý Văn Minh,Phong,True,1999-02-14 00:00:00,lvmphong@gmail.com,0913457646          ,872247317474,3000000,CN
C0226,Lý Nam,Huy,True,1999-11-30 00:00:00,lnhuy@gmail.com,0168082065          ,811978367716,2000000,CN
C0227,Lê Thanh,Minh,False,1999-10-02 00:00:00,ltminh@gmail.com,0913801829          ,788593931103,1000000,CN
C0228,Trần Thị,Hoa,False,1999-07-30 00:00:00,tthoa@gmail.com,0987409934          ,630098889607,2000000,CN
C0229,Đặng Vĩnh,Thiệu,True,1999-08-04 00:00:00,dvthieu@gmail.com,0913072249          ,297842881441,3000000,CN
C0230,Hoàng Thảo,Ly,False,1999-07-12 00:00:00,htly@gmail.com,0168122865          ,465398714288,2000000,CN
C0231,Bạch Thị,Lan,False,1999-12-17 00:00:00,btlan@gmail.com,0168886346          ,371107521416,3000000,CN
C0232,Phạm Nam,Trọng,True,1999-12-15 00:00:00,pntrong@gmail.com,0168666184          ,273278687887,3000000,CN
C0233,Lâm Thảo,Nga,False,1999-10-10 00:00:00,ltnga@gmail.com,0913785334          ,475458534132,1000000,CN
C0234,Hoàng Văn Minh,Tuấn,True,1999-11-30 00:00:00,hvmtuan@gmail.com,0987542323          ,719916879915,2000000,CN
C0235,Nguyễn Văn Minh,Sinh,True,1999-04-25 00:00:00,nvmsinh@gmail.com,0987145366          ,215138762296,3000000,CN
C0236,Vương Thảo,Thúy,False,1999-03-12 00:00:00,vtthuy@gmail.com,0913439485          ,664247371785,3000000,CN
C0237,Đàm Bạch,Thu,True,1999-04-27 00:00:00,dbthu@gmail.com,0913245348          ,644731719742,2000000,CN
C0238,Đàm Phú,Ngân,True,1999-02-20 00:00:00,dpngan@gmail.com,0913155199          ,517555182893,3000000,CN
C0239,Vương Thị Thảo,Hương,False,1999-04-05 00:00:00,vtthuong@gmail.com,0168365514          ,954454846584,3000000,CN
C0240,Phạm Thị,Hương,False,1999-06-19 00:00:00,pthuong@gmail.com,0168755546          ,122176168587,0,CN
C0241,Hoàng Vĩnh,Phong,True,1999-11-02 00:00:00,hvphong@gmail.com,0987589308          ,784520351463,1000000,CN
C0242,Lê Mạnh,Kiệt,True,1999-06-19 00:00:00,lmkiet@gmail.com,0987167158          ,567008265666,1000000,CN
C0243,Đàm Thanh,Mỹ,False,1999-01-30 00:00:00,dtmy@gmail.com,0168645382          ,455674846206,0,CN
C0244,Đàm Văn Minh,Huy,True,1999-10-24 00:00:00,dvmhuy@gmail.com,0168643111          ,740353841518,3000000,CN
C0245,Cao Minh,Thu,False,1999-11-20 00:00:00,cmthu@gmail.com,0913165000          ,776823107760,3000000,CN
C0246,Lý Văn Minh,Huy,True,1999-06-16 00:00:00,lvmhuy@gmail.com,0168415361          ,578635737915,1000000,CN
C0247,Văn Thị,Hạnh,False,1999-05-03 00:00:00,vthanh@gmail.com,0913612725          ,960863852316,3000000,CN
C0248,Trần Thảo,Loan,False,1999-11-28 00:00:00,ttloan@gmail.com,0168682529          ,059334162158,1000000,CN
C0249,Khương Thị Thanh,Trúc,False,1999-12-07 00:00:00,ktttruc@gmail.com,0987596866          ,435669451418,0,CN
C0250,Bạch Thanh,Ngân,True,1999-07-26 00:00:00,btngan@gmail.com,0987428634          ,978391626213,2000000,CN
C0251,Thái Nam,Thăng,True,1999-07-03 00:00:00,tnthang@gmail.com,0987143032          ,493601403416,1000000,CN
C0252,Mã Thị,Dung,False,1999-09-24 00:00:00,mtdung@gmail.com,0913177843          ,528505955319,2000000,CN
C0253,Lâm Thị Thanh,Dung,False,1999-09-21 00:00:00,lttdung@gmail.com,0913154086          ,442454372516,1000000,CN
C0254,Mã Văn Minh,Huy,True,1999-04-06 00:00:00,mvmhuy@gmail.com,0168338447          ,786333949615,2000000,CN
C0255,Thái Thảo,Dung,False,1999-08-21 00:00:00,ttdung@gmail.com,0913010383          ,413876632445,0,CN
C0256,Văn Thị Thảo,Trúc,False,1999-04-05 00:00:00,vtttruc@gmail.com,0168037798          ,561556400187,2000000,CN
C0257,Phạm Văn,Vỹ,True,1999-10-16 00:00:00,pvvy@gmail.com,0168005838          ,533440698171,2000000,CN
C0258,Lâm Văn Minh,Thiện,True,1999-06-14 00:00:00,lvmthien@gmail.com,0913623786          ,245238461763,0,CN
C0259,Đinh Thảo,Ly,False,1999-11-03 00:00:00,dtly@gmail.com,0987502362          ,710813317041,1000000,CN
C0260,Vương Phương,Phương,True,1999-08-20 00:00:00,vpphuong@gmail.com,0987494605          ,657287375936,1000000,CN
C0261,Mã Nam,Thiệu,True,1999-02-04 00:00:00,mnthieu@gmail.com,0168256599          ,192854188738,3000000,CN
C0262,Lý Thanh,Thanh,True,1999-03-18 00:00:00,ltthanh@gmail.com,0168552725          ,727352692342,2000000,CN
C0263,Văn Mạnh,Tuấn,True,1999-10-04 00:00:00,vmtuan@gmail.com,0168146172          ,476452288745,0,CN
C0264,Vương Thị,Nhung,False,1999-09-03 00:00:00,vtnhung@gmail.com,0913534986          ,636662819094,3000000,CN
C0265,Trần Thị Thanh,Nga,False,1999-07-12 00:00:00,tttnga@gmail.com,0913246228          ,743834971334,3000000,CN
C0266,Khương Thanh,Thanh,True,1999-10-05 00:00:00,ktthanh@gmail.com,0913405469          ,728064086261,1000000,CN
C0267,Văn Thảo,Đào,False,1999-06-17 00:00:00,vtdao@gmail.com,0913841754          ,135538101757,0,CN
C0268,Cao Thanh,Phương,False,1999-01-10 00:00:00,ctphuong@gmail.com,0168347224          ,568390144371,1000000,CN
C0269,Văn Thị Thanh,Hoa,False,1999-10-26 00:00:00,vtthoa@gmail.com,0913387001          ,930186018512,2000000,CN
C0270,Phạm Văn Minh,Thiện,True,1999-12-28 00:00:00,pvmthien@gmail.com,0913789035          ,327285592447,0,CN
C0271,Cao Thị Thanh,Ly,False,1999-11-05 00:00:00,cttly@gmail.com,0913477333          ,107648372513,1000000,CN
C0272,Thái Nam,Dũng,True,1999-08-12 00:00:00,tndung@gmail.com,0913486853          ,701413814886,0,CN
C0273,Phạm Nam,Huy,True,1999-09-11 00:00:00,pnhuy@gmail.com,0987835875          ,554276843252,1000000,CN
C0274,Lâm Nam,Trọng,True,1999-10-13 00:00:00,lntrong@gmail.com,0987756143          ,467448403122,2000000,CN
C0275,Mã Minh,Thu,True,1999-02-12 00:00:00,mmthu@gmail.com,0987622479          ,675044723881,3000000,CN
C0276,Cao Thị Thảo,Hoa,False,1999-03-18 00:00:00,ctthoa@gmail.com,0913451087          ,234623161757,0,CN
C0277,Cao Thảo,Dung,False,1999-10-26 00:00:00,ctdung@gmail.com,0987544075          ,267720652577,1000000,CN
C0278,Mã Thị,Đào,False,1999-11-03 00:00:00,mtdao@gmail.com,0168284321          ,644560584027,1000000,CN
C0279,Khương Thị,Nga,False,1999-01-18 00:00:00,ktnga@gmail.com,0913426271          ,174045735111,1000000,CN
C0280,Lê Văn Minh,Mẫn,True,1999-12-20 00:00:00,lvmman@gmail.com,0913628639          ,686590649728,0,CN
C0281,Lê Thảo,Thúy,False,1999-06-21 00:00:00,ltthuy@gmail.com,0987663246          ,278275763558,1000000,CN
C0282,Khương Thị,Hương,False,1999-09-28 00:00:00,kthuong@gmail.com,0168329787          ,577130294627,1000000,CN
C0283,Lý Thị Thảo,Thúy,False,1999-01-03 00:00:00,lttthuy@gmail.com,0987834882          ,668740458309,3000000,CN
C0284,Mã Thị,Mai,False,1999-08-19 00:00:00,mtmai@gmail.com,0168645813          ,924236927123,3000000,CN
C0285,Cao Văn Minh,Kiệt,True,1999-04-06 00:00:00,cvmkiet@gmail.com,0987425958          ,565525652546,2000000,CN
C0286,Lâm Thanh,Ngọc,False,1999-08-20 00:00:00,ltngoc@gmail.com,0913745772          ,848276576011,3000000,CN
C0287,Lý Văn Minh,Bảo,True,1999-09-03 00:00:00,lvmbao@gmail.com,0987173323          ,865414829628,3000000,CN
C0288,Mã Phú,Tâm,False,1999-05-04 00:00:00,mptam@gmail.com,0987112375          ,748711051357,2000000,CN
C0289,Đặng Vĩnh,Sinh,True,1999-12-06 00:00:00,dvsinh@gmail.com,0913144178          ,474432156349,3000000,CN
C0290,Phạm Phú,Mỹ,True,1999-03-15 00:00:00,ppmy@gmail.com,0913723178          ,517937343803,0,CN
C0291,Lê Vĩnh,Thiệu,True,1999-12-21 00:00:00,lvthieu@gmail.com,0913631111          ,285762358672,3000000,CN
C0292,Phạm Thị Thảo,Thúy,False,1999-11-21 00:00:00,pttthuy@gmail.com,0913421218          ,658938261777,2000000,CN
C0293,Đàm Ngọc,Mỹ,False,1999-01-05 00:00:00,dnmy@gmail.com,0987240790          ,631403439411,0,CN
C0294,Phạm Nam,Bảo,True,1999-12-30 00:00:00,pnbao@gmail.com,0987586638          ,968772828515,1000000,CN
C0295,Lê Thị Thanh,Hạnh,False,1999-12-19 00:00:00,ltthanh@gmail.com,0987167840          ,766344276483,1000000,CN
C0296,Phạm Thảo,Nga,False,1999-07-16 00:00:00,ptnga@gmail.com,0987347124          ,608131117293,1000000,CN
C0297,Lý Vĩnh,Phong,True,1999-03-17 00:00:00,lvphong@gmail.com,0987478501          ,443223214141,1000000,CN
C0298,Hoàng Phú,Thanh,False,1999-12-17 00:00:00,hpthanh@gmail.com,0913241042          ,141276933478,3000000,CN
C0299,Đặng Văn,Thiện,True,1999-05-10 00:00:00,dvthien@gmail.com,0987417864          ,466344267402,3000000,CN
C0300,Vương Thanh,Mỹ,False,1999-04-01 00:00:00,vtmy@gmail.com,0913752447          ,176775567182,1000000,CN
C0301,Bạch Văn Minh,Bảo,True,1999-02-16 00:00:00,bvmbao@gmail.com,0168340188          ,567057612357,0,CN
C0302,Đặng Thị,Nhung,False,1999-02-03 00:00:00,dtnhung@gmail.com,0168434753          ,865782549233,0,CN
C0303,Đặng Văn Minh,Phong,True,1999-01-11 00:00:00,dvmphong@gmail.com,0168221742          ,321731414280,1000000,CN
C0304,Văn Phú,Thu,False,1999-03-19 00:00:00,vpthu@gmail.com,0987617367          ,431068204211,3000000,CN
C0305,Lê Ngọc,Ngân,False,1999-09-09 00:00:00,lnngan@gmail.com,0913120844          ,825417777847,0,CN
C0306,Lý Văn,Thiệu,True,1999-08-14 00:00:00,lvthieu@gmail.com,0987938967          ,167338898052,1000000,CN
C0307,Trần Phú,Ngân,True,1999-07-13 00:00:00,tpngan@gmail.com,0987660853          ,550458718916,2000000,CN
C0308,Phạm Văn,Vỹ,True,1999-07-10 00:00:00,pvvy@gmail.com,0913574585          ,821466721543,2000000,CN
C0309,Vương Thị Thanh,Thúy,False,1999-02-17 00:00:00,vttthuy@gmail.com,0987328783          ,684097855865,1000000,CN
C0310,Lý Mạnh,Hòa,True,1999-09-28 00:00:00,lmhoa@gmail.com,0168268448          ,703752622535,1000000,CN
C0311,Lý Vĩnh,Bảo,True,1999-06-09 00:00:00,lvbao@gmail.com,0913383664          ,792622751460,0,CN
C0312,Phạm Thị Thanh,Nga,False,1999-05-09 00:00:00,pttnga@gmail.com,0987723351          ,230986272888,0,CN
C0313,Phạm Văn Minh,Tân,True,1999-05-15 00:00:00,pvmtan@gmail.com,0987074511          ,225947227786,3000000,CN
C0314,Lý Văn Minh,Thiện,True,1999-03-18 00:00:00,lvmthien@gmail.com,0987512695          ,393593434388,1000000,CN
C0315,Phạm Mạnh,Trọng,True,1999-06-05 00:00:00,pmtrong@gmail.com,0913823544          ,737358165273,0,CN
C0316,Lê Nam,Phong,True,1999-12-06 00:00:00,lnphong@gmail.com,0913225878          ,142334524318,2000000,CN
C0317,Hoàng Văn,Thăng,True,1999-04-08 00:00:00,hvthang@gmail.com,0987202080          ,484690170577,2000000,CN
C0318,Lê Nam,Tuấn,True,1999-07-19 00:00:00,lntuan@gmail.com,0987833368          ,225891886981,2000000,CN
C0319,Đàm Vĩnh,Sang,True,1999-06-28 00:00:00,dvsang@gmail.com,0168574152          ,829562146291,3000000,CN
C0320,Bạch Vĩnh,Tân,True,1999-06-27 00:00:00,bvtan@gmail.com,0168757418          ,391475170745,1000000,CN
C0321,Trần Văn,Bảo,True,1999-04-28 00:00:00,tvbao@gmail.com,0168814266          ,215531145419,2000000,CN
C0322,Đàm Minh,Ngọc,True,1999-06-04 00:00:00,dmngoc@gmail.com,0987502479          ,724714161305,3000000,CN
C0323,Lý Thảo,Thúy,False,1999-03-14 00:00:00,ltthuy@gmail.com,0913254961          ,262183313635,2000000,CN
C0324,Vương Thảo,Nhung,False,1999-09-06 00:00:00,vtnhung@gmail.com,0913463385          ,263477283328,2000000,CN
C0325,Đàm Văn Minh,Bảo,True,1999-03-05 00:00:00,dvmbao@gmail.com,0913163855          ,305297935133,3000000,CN
C0326,Mã Thị Thảo,Lan,False,1999-11-29 00:00:00,mttlan@gmail.com,0987165336          ,515355143421,2000000,CN
C0327,Cao Thị Thảo,Nga,False,1999-10-10 00:00:00,cttnga@gmail.com,0913106245          ,304077884474,2000000,CN
C0328,Mã Thảo,Lan,False,1999-09-17 00:00:00,mtlan@gmail.com,0987660266          ,386236792877,0,CN
C0329,Cao Mạnh,Sang,True,1999-10-29 00:00:00,cmsang@gmail.com,0987453151          ,457662022369,0,CN
C0330,Đặng Văn,Mẫn,True,1999-05-15 00:00:00,dvman@gmail.com,0168767430          ,324977841848,3000000,CN
C0331,Đinh Nam,Vỹ,True,1999-03-28 00:00:00,dnvy@gmail.com,0913647328          ,827442877249,0,CN
C0332,Cao Ngọc,Tâm,True,1999-04-17 00:00:00,cntam@gmail.com,0913476743          ,236022722732,3000000,CN
C0333,Mã Thị Thanh,Hoa,False,1999-10-23 00:00:00,mtthoa@gmail.com,0913516276          ,893541229376,1000000,CN
C0334,Trần Thị Thanh,Hạnh,False,1999-07-30 00:00:00,ttthanh@gmail.com,0913740286          ,484687622369,2000000,CN
C0335,Trần Văn,Bảo,True,1999-05-30 00:00:00,tvbao@gmail.com,0987666472          ,257335971215,2000000,CN
C0336,Lý Ngọc,Ngọc,False,1999-03-28 00:00:00,lnngoc@gmail.com,0987287122          ,608714303340,1000000,CN
C0337,Mã Ngọc,Ngọc,True,1999-03-28 00:00:00,mnngoc@gmail.com,0913966654          ,812761468098,1000000,CN
C0338,Lê Mạnh,Tuấn,True,1999-07-24 00:00:00,lmtuan@gmail.com,0913242580          ,665054484814,2000000,CN
C0339,Đặng Mạnh,Trọng,True,1999-01-06 00:00:00,dmtrong@gmail.com,0168751034          ,337042722967,3000000,CN
C0340,Mã Minh,Ngọc,True,1999-01-02 00:00:00,mmngoc@gmail.com,0168217253          ,174252674983,2000000,CN
C0341,Hoàng Văn Minh,Thiệu,True,1999-01-30 00:00:00,hvmthieu@gmail.com,0168337178          ,806426936453,3000000,CN
C0342,Lâm Bạch,Thu,False,1999-03-22 00:00:00,lbthu@gmail.com,0913615992          ,970785432613,3000000,CN
C0343,Lê Minh,Mỹ,True,1999-05-30 00:00:00,lmmy@gmail.com,0987757975          ,323118819457,2000000,CN
C0344,Khương Nam,Trọng,True,1999-08-28 00:00:00,kntrong@gmail.com,0913311163          ,153886389825,2000000,CN
C0345,Lê Thanh,Phương,False,1999-10-24 00:00:00,ltphuong@gmail.com,0913068695          ,433244574543,2000000,CN
C0346,Lê Mạnh,Trọng,True,1999-10-11 00:00:00,lmtrong@gmail.com,0168916456          ,892558960163,3000000,CN
C0347,Cao Vĩnh,Thăng,True,1999-04-03 00:00:00,cvthang@gmail.com,0987585795          ,846222863129,1000000,CN
C0348,Hoàng Văn,Thăng,True,1999-07-11 00:00:00,hvthang@gmail.com,0913382336          ,382488420871,0,CN
C0349,Bạch Văn Minh,Trọng,True,1999-11-20 00:00:00,bvmtrong@gmail.com,0168553907          ,416412832724,1000000,CN
C0350,Lý Nam,Thiệu,True,1999-06-30 00:00:00,lnthieu@gmail.com,0168768752          ,169376078307,0,CN
C0351,Lý Minh,Ngọc,False,1999-08-22 00:00:00,lmngoc@gmail.com,0987245552          ,443156294245,0,CN
C0352,Khương Vĩnh,Sang,True,1999-09-09 00:00:00,kvsang@gmail.com,0987133222          ,562111734517,0,CN
C0353,Nguyễn Thị Thanh,Mai,False,1999-02-02 00:00:00,nttmai@gmail.com,0913146727          ,530132447471,3000000,CN
C0354,Bạch Văn Minh,Vỹ,True,1999-08-17 00:00:00,bvmvy@gmail.com,0913307826          ,329446477508,3000000,CN
C0355,Văn Thị,Mai,False,1999-11-10 00:00:00,vtmai@gmail.com,0987327541          ,855354458643,0,CN
C0356,Phạm Vĩnh,Thăng,True,1999-05-10 00:00:00,pvthang@gmail.com,0913519421          ,552719389531,0,CN
C0357,Lê Thị,Hoa,False,1999-08-24 00:00:00,lthoa@gmail.com,0168168028          ,407376423068,3000000,CN
C0358,Cao Thị Thanh,Hạnh,False,1999-07-10 00:00:00,ctthanh@gmail.com,0913746759          ,654616392721,2000000,CN
C0359,Phạm Thị,Dung,False,1999-02-08 00:00:00,ptdung@gmail.com,0987589558          ,451397858115,1000000,CN
C0360,Lý Thảo,Trúc,False,1999-10-26 00:00:00,lttruc@gmail.com,0913675221          ,622764403001,2000000,CN
C0361,Cao Văn Minh,Bảo,True,1999-09-25 00:00:00,cvmbao@gmail.com,0913979117          ,252518433976,0,CN
C0362,Bạch Thảo,Đào,False,1999-12-03 00:00:00,btdao@gmail.com,0913650229          ,987464141763,0,CN
C0363,Thái Thị Thanh,Nhung,False,1999-03-04 00:00:00,tttnhung@gmail.com,0987134595          ,767910625784,3000000,CN
C0364,Hoàng Bạch,Thanh,False,1999-09-19 00:00:00,hbthanh@gmail.com,0168382637          ,601434691532,1000000,CN
C0365,Đàm Thảo,Hoa,False,1999-01-26 00:00:00,dthoa@gmail.com,0987787693          ,440378306175,2000000,CN
C0366,Hoàng Mạnh,Dũng,True,1999-01-03 00:00:00,hmdung@gmail.com,0913740520          ,660578880739,2000000,CN
C0367,Mã Thảo,Đào,False,1999-08-13 00:00:00,mtdao@gmail.com,0987752185          ,326263235327,2000000,CN
C0368,Hoàng Minh,Phương,True,1999-04-19 00:00:00,hmphuong@gmail.com,0913851747          ,011899180155,1000000,CN
C0369,Đinh Minh,Ngọc,True,1999-03-12 00:00:00,dmngoc@gmail.com,0913372711          ,322839772389,1000000,CN
C0370,Đinh Vĩnh,Hiệu,True,1999-02-16 00:00:00,dvhieu@gmail.com,0913458858          ,467391937338,0,CN
C0371,Đặng Vĩnh,Phong,True,1999-11-15 00:00:00,dvphong@gmail.com,0913025122          ,677115378572,1000000,CN
C0372,Phạm Văn,Phong,True,1999-10-08 00:00:00,pvphong@gmail.com,0168302791          ,766963468652,3000000,CN
C0373,Lê Nam,Thăng,True,1999-03-03 00:00:00,lnthang@gmail.com,0987431127          ,383667868641,3000000,CN
C0374,Cao Ngọc,Tâm,False,1999-05-25 00:00:00,cntam@gmail.com,0913022063          ,954521697456,2000000,CN
C0375,Vương Thanh,Mỹ,False,1999-07-27 00:00:00,vtmy@gmail.com,0913883144          ,405724023346,2000000,CN
C0376,Đặng Thị,Đào,False,1999-09-03 00:00:00,dtdao@gmail.com,0913320945          ,407522736824,2000000,CN
C0377,Đặng Nam,Phong,True,1999-06-04 00:00:00,dnphong@gmail.com,0168124384          ,855644595843,0,CN
C0378,Lê Mạnh,Lộc,True,1999-12-14 00:00:00,lmloc@gmail.com,0987258175          ,612874258236,2000000,CN
C0379,Lê Thanh,Thanh,True,1999-03-06 00:00:00,ltthanh@gmail.com,0168860848          ,090353155495,1000000,CN
C0380,Phạm Thảo,Đào,False,1999-10-21 00:00:00,ptdao@gmail.com,0168946061          ,165023447739,1000000,CN
C0381,Phạm Thanh,Thu,True,1999-04-03 00:00:00,ptthu@gmail.com,0987638743          ,287491168551,3000000,CN
C0382,Cao Văn,Sang,True,1999-07-01 00:00:00,cvsang@gmail.com,0987723185          ,133752746562,1000000,CN
C0383,Phạm Vĩnh,Mẫn,True,1999-08-19 00:00:00,pvman@gmail.com,0168358355          ,898335195651,1000000,CN
C0384,Bạch Văn Minh,Thiện,True,1999-09-16 00:00:00,bvmthien@gmail.com,0987573143          ,781449277489,2000000,CN
C0385,Văn Minh,Phương,True,1999-06-04 00:00:00,vmphuong@gmail.com,0987447780          ,634872681822,3000000,CN
C0386,Lý Văn,Sinh,True,1999-05-16 00:00:00,lvsinh@gmail.com,0168784496          ,213174971504,1000000,CN
C0387,Lê Bạch,Ngân,False,1999-04-29 00:00:00,lbngan@gmail.com,0913158437          ,647119351103,0,CN
C0388,Đàm Phương,Phương,True,1999-05-16 00:00:00,dpphuong@gmail.com,0913576289          ,330183766453,1000000,CN
C0389,Đặng Văn Minh,Sinh,True,1999-10-14 00:00:00,dvmsinh@gmail.com,0913972195          ,715200085085,3000000,CN
C0390,Đàm Văn Minh,Tuấn,True,1999-01-11 00:00:00,dvmtuan@gmail.com,0913646716          ,164553117545,1000000,CN
C0391,Phạm Minh,Minh,False,1999-08-05 00:00:00,pmminh@gmail.com,0987864567          ,792446474853,0,CN
C0392,Bạch Thị Thảo,Hương,False,1999-05-13 00:00:00,btthuong@gmail.com,0987661544          ,881455473079,2000000,CN
C0393,Thái Thanh,Ngân,True,1999-04-21 00:00:00,ttngan@gmail.com,0168964124          ,772024117633,2000000,CN
C0394,Phạm Mạnh,Hòa,True,1999-07-16 00:00:00,pmhoa@gmail.com,0913776626          ,518881139587,2000000,CN
C0395,Lý Nam,Sang,True,1999-01-20 00:00:00,lnsang@gmail.com,0987787611          ,203587828878,0,CN
C0396,Thái Văn Minh,Vỹ,True,1999-02-09 00:00:00,tvmvy@gmail.com,0987422401          ,869685821416,2000000,CN
C0397,Lý Ngọc,Mỹ,False,1999-10-04 00:00:00,lnmy@gmail.com,0168217858          ,153105244149,1000000,CN
C0398,Lê Thị Thảo,Hương,False,1999-03-26 00:00:00,ltthuong@gmail.com,0987130461          ,265431322613,0,CN
C0399,Thái Nam,Dũng,True,1999-06-07 00:00:00,tndung@gmail.com,0168469465          ,468130418174,0,CN
C0400,Văn Vĩnh,Hòa,True,1999-11-04 00:00:00,vvhoa@gmail.com,0168314165          ,745895563489,1000000,CN
C0401,Bạch Bạch,Mỹ,True,1999-12-14 00:00:00,bbmy@gmail.com,0913696887          ,966406308632,2000000,CN
C0402,Đàm Văn Minh,Thiệu,True,1999-06-25 00:00:00,dvmthieu@gmail.com,0168547454          ,269426565563,0,CN
C0403,Phạm Văn,Thiện,True,1999-06-17 00:00:00,pvthien@gmail.com,0168528593          ,495604827305,3000000,CN
C0404,Mã Phú,Ngân,True,1999-07-15 00:00:00,mpngan@gmail.com,0913437123          ,664955067082,1000000,CN
C0405,Trần Văn,Thiện,True,1999-06-04 00:00:00,tvthien@gmail.com,0168147443          ,419623773784,0,CN
C0406,Lý Văn Minh,Hòa,True,1999-08-13 00:00:00,lvmhoa@gmail.com,0913927862          ,344581462123,1000000,CN
C0407,Văn Thảo,Nga,False,1999-11-12 00:00:00,vtnga@gmail.com,0913605725          ,727613041154,0,CN
C0408,Bạch Văn Minh,Huy,True,1999-10-31 00:00:00,bvmhuy@gmail.com,0913155223          ,748361353094,0,CN
C0409,Lê Thảo,Đào,False,1999-12-24 00:00:00,ltdao@gmail.com,0987823857          ,959896767246,3000000,CN
C0410,Bạch Vĩnh,Hòa,True,1999-07-12 00:00:00,bvhoa@gmail.com,0168042708          ,424682249749,0,CN
C0411,Nguyễn Thảo,Loan,False,1999-04-15 00:00:00,ntloan@gmail.com,0987313288          ,904298249266,0,CN
C0412,Nguyễn Nam,Thiệu,True,1999-04-17 00:00:00,nnthieu@gmail.com,0913855537          ,814739989223,2000000,CN
C0413,Đặng Thị,Hương,False,1999-05-06 00:00:00,dthuong@gmail.com,0168239351          ,723218867800,3000000,CN
C0414,Hoàng Văn Minh,Huy,True,1999-05-30 00:00:00,hvmhuy@gmail.com,0913801080          ,623285012352,0,CN
C0415,Lâm Thảo,Đào,False,1999-07-29 00:00:00,ltdao@gmail.com,0987853510          ,525966824756,3000000,CN
C0416,Nguyễn Vĩnh,Mẫn,True,1999-11-27 00:00:00,nvman@gmail.com,0168473575          ,378316442265,3000000,CN
C0417,Phạm Bạch,Thanh,False,1999-11-04 00:00:00,pbthanh@gmail.com,0913287358          ,124861541472,2000000,CN
C0418,Văn Thảo,Đào,False,1999-03-28 00:00:00,vtdao@gmail.com,0913426348          ,878807822259,0,CN
C0419,Đàm Phú,Thu,False,1999-07-05 00:00:00,dpthu@gmail.com,0987548311          ,261617747295,2000000,CN
C0420,Lê Thanh,Ngọc,True,1999-05-17 00:00:00,ltngoc@gmail.com,0987762034          ,466762388281,0,CN
C0421,Lý Ngọc,Minh,True,1999-12-17 00:00:00,lnminh@gmail.com,0913190884          ,623561787618,0,CN
C0422,Đàm Thị Thanh,Đào,False,1999-09-22 00:00:00,dttdao@gmail.com,0987257288          ,373848017676,2000000,CN
C0423,Bạch Văn Minh,Huy,True,1999-06-16 00:00:00,bvmhuy@gmail.com,0913661354          ,405166524955,1000000,CN
C0424,Lê Minh,Ngân,False,1999-11-18 00:00:00,lmngan@gmail.com,0168866174          ,751233823415,2000000,CN
C0425,Phạm Nam,Mẫn,True,1999-02-25 00:00:00,pnman@gmail.com,0987754427          ,113160062314,1000000,CN
C0426,Hoàng Thị Thanh,Trúc,False,1999-08-13 00:00:00,htttruc@gmail.com,0913947364          ,474765324352,0,CN
C0427,Phạm Thị Thảo,Trúc,False,1999-03-30 00:00:00,ptttruc@gmail.com,0913376279          ,064797856644,1000000,CN
C0428,Đàm Thị,Đào,False,1999-04-06 00:00:00,dtdao@gmail.com,0987979211          ,138455662716,0,CN
C0429,Bạch Văn Minh,Sang,True,1999-02-19 00:00:00,bvmsang@gmail.com,0913085423          ,745958641977,3000000,CN
C0430,Trần Thị Thanh,Trúc,False,1999-01-29 00:00:00,ttttruc@gmail.com,0913652765          ,509327444582,3000000,CN
C0431,Đàm Vĩnh,Thiệu,True,1999-03-18 00:00:00,dvthieu@gmail.com,0913103188          ,762646256483,3000000,CN
C0432,Lâm Thị,Trúc,False,1999-10-20 00:00:00,lttruc@gmail.com,0913202668          ,920028470687,0,CN
C0433,Đàm Thị Thanh,Mai,False,1999-03-03 00:00:00,dttmai@gmail.com,0168815466          ,347248682172,3000000,CN
C0434,Đinh Vĩnh,Lộc,True,1999-03-05 00:00:00,dvloc@gmail.com,0168900815          ,431419796621,0,CN
C0435,Văn Vĩnh,Kiệt,True,1999-03-03 00:00:00,vvkiet@gmail.com,0987468614          ,852712763847,0,CN
C0436,Lâm Thị Thanh,Dung,False,1999-11-24 00:00:00,lttdung@gmail.com,0168753165          ,971746450069,2000000,CN
C0437,Cao Mạnh,Tuấn,True,1999-09-06 00:00:00,cmtuan@gmail.com,0168199643          ,267875746614,3000000,CN
C0438,Trần Thảo,Hương,False,1999-09-29 00:00:00,tthuong@gmail.com,0168586159          ,844584778613,3000000,CN
C0439,Đàm Thị,Lan,False,1999-08-22 00:00:00,dtlan@gmail.com,0987462616          ,457545338698,0,CN
C0440,Vương Mạnh,Sang,True,1999-03-21 00:00:00,vmsang@gmail.com,0987382669          ,472767734242,1000000,CN
C0441,Văn Thị Thanh,Hạnh,False,1999-06-07 00:00:00,vtthanh@gmail.com,0987633418          ,014224497717,3000000,CN
C0442,Văn Thị Thanh,Nga,False,1999-08-09 00:00:00,vttnga@gmail.com,0913516766          ,512953723282,2000000,CN
C0443,Lâm Văn Minh,Tuấn,True,1999-02-11 00:00:00,lvmtuan@gmail.com,0913653761          ,490775431528,1000000,CN
C0444,Đàm Nam,Tân,True,1999-03-12 00:00:00,dntan@gmail.com,0913229717          ,962113679279,0,CN
C0445,Đàm Ngọc,Thu,False,1999-09-18 00:00:00,dnthu@gmail.com,0987617437          ,105802047565,2000000,CN
C0446,Đàm Văn Minh,Sinh,True,1999-08-15 00:00:00,dvmsinh@gmail.com,0913068853          ,830302252818,2000000,CN
C0447,Đặng Thị,Nhung,False,1999-06-19 00:00:00,dtnhung@gmail.com,0987418689          ,722648164882,3000000,CN
C0448,Khương Thanh,Thu,False,1999-08-30 00:00:00,ktthu@gmail.com,0987783654          ,862071688474,0,CN
C0449,Bạch Mạnh,Bảo,True,1999-05-17 00:00:00,bmbao@gmail.com,0168987536          ,776221786150,2000000,CN
C0450,Trần Nam,Tuấn,True,1999-09-11 00:00:00,tntuan@gmail.com,0987677575          ,944517325865,2000000,CN
C0451,Văn Minh,Phương,True,1999-02-26 00:00:00,vmphuong@gmail.com,0987415478          ,616248776458,2000000,CN
C0452,Đàm Vĩnh,Vỹ,True,1999-08-09 00:00:00,dvvy@gmail.com,0987781530          ,101427412453,2000000,CN
C0453,Văn Thị Thanh,Mai,False,1999-07-21 00:00:00,vttmai@gmail.com,0168242635          ,489292238845,0,CN
C0454,Nguyễn Văn Minh,Kiệt,True,1999-09-13 00:00:00,nvmkiet@gmail.com,0987728382          ,279750274437,0,CN
C0455,Văn Thảo,Lan,False,1999-12-03 00:00:00,vtlan@gmail.com,0987725628          ,765140415362,0,CN
C0456,Nguyễn Thảo,Đào,False,1999-09-14 00:00:00,ntdao@gmail.com,0168614925          ,786844871882,3000000,CN
C0457,Bạch Thị Thanh,Hạnh,False,1999-05-10 00:00:00,btthanh@gmail.com,0168268210          ,645933502115,1000000,CN
C0458,Lâm Mạnh,Thăng,True,1999-11-13 00:00:00,lmthang@gmail.com,0987375785          ,874593389518,1000000,CN
C0459,Đinh Thị Thảo,Hương,False,1999-08-19 00:00:00,dtthuong@gmail.com,0913948612          ,051336097483,0,CN
C0460,Cao Vĩnh,Tuấn,True,1999-03-31 00:00:00,cvtuan@gmail.com,0913456061          ,078778843672,2000000,CN
C0461,Hoàng Thảo,Hạnh,False,1999-02-21 00:00:00,hthanh@gmail.com,0913989283          ,432221417662,3000000,CN
C0462,Lê Vĩnh,Tuấn,True,1999-12-12 00:00:00,lvtuan@gmail.com,0168420148          ,214661128832,2000000,CN
C0463,Đinh Thị,Ly,False,1999-05-14 00:00:00,dtly@gmail.com,0913505963          ,453525154664,1000000,CN
C0464,Lâm Văn Minh,Sang,True,1999-08-02 00:00:00,lvmsang@gmail.com,0987685851          ,130028757474,2000000,CN
C0465,Khương Nam,Bảo,True,1999-02-19 00:00:00,knbao@gmail.com,0168606265          ,555446147527,0,CN
C0466,Lâm Thảo,Hoa,False,1999-04-18 00:00:00,lthoa@gmail.com,0913611845          ,128675540066,3000000,CN
C0467,Nguyễn Thị Thanh,Trúc,False,1999-03-21 00:00:00,ntttruc@gmail.com,0987829163          ,287855585018,1000000,CN
C0468,Vương Thanh,Ngân,True,1999-05-23 00:00:00,vtngan@gmail.com,0168486655          ,930742647183,2000000,CN
C0469,Phạm Vĩnh,Hòa,True,1999-11-08 00:00:00,pvhoa@gmail.com,0168444562          ,982168595883,2000000,CN
C0470,Đàm Văn Minh,Thiệu,True,1999-07-19 00:00:00,dvmthieu@gmail.com,0987629645          ,144388705869,0,CN
C0471,Mã Thảo,Mai,False,1999-07-03 00:00:00,mtmai@gmail.com,0168192483          ,211413632627,1000000,CN
C0472,Khương Nam,Bảo,True,1999-08-13 00:00:00,knbao@gmail.com,0913566872          ,655233938084,3000000,CN
C0473,Đặng Thảo,Nhung,False,1999-03-18 00:00:00,dtnhung@gmail.com,0168516133          ,812432511898,2000000,CN
C0474,Đinh Thị,Nga,False,1999-02-14 00:00:00,dtnga@gmail.com,0913398132          ,136163923242,1000000,CN
C0475,Mã Văn,Hòa,True,1999-12-10 00:00:00,mvhoa@gmail.com,0913162645          ,508596478355,2000000,CN
C0476,Cao Thị Thảo,Trang,False,1999-01-04 00:00:00,ctttrang@gmail.com,0168459256          ,879282724835,3000000,CN
C0477,Trần Thanh,Thu,False,1999-11-15 00:00:00,ttthu@gmail.com,0913092974          ,775395146886,0,CN
C0478,Đinh Thị Thảo,Thúy,False,1999-01-04 00:00:00,dttthuy@gmail.com,0987720318          ,893535467534,2000000,CN
C0479,Cao Thảo,Nga,False,1999-01-10 00:00:00,ctnga@gmail.com,0913184297          ,903616133565,1000000,CN
C0480,Văn Văn,Lộc,True,1999-05-27 00:00:00,vvloc@gmail.com,0987869452          ,649235321195,3000000,CN
C0481,Bạch Minh,Thu,False,1999-02-24 00:00:00,bmthu@gmail.com,0987736019          ,725978360675,3000000,CN
C0482,Khương Văn Minh,Tuấn,True,1999-09-19 00:00:00,kvmtuan@gmail.com,0987636799          ,356558591786,0,CN
C0483,Lý Vĩnh,Thiệu,True,1999-06-21 00:00:00,lvthieu@gmail.com,0913453657          ,432742077115,0,CN
C0484,Trần Vĩnh,Trọng,True,1999-02-17 00:00:00,tvtrong@gmail.com,0987976142          ,703499812390,0,CN
C0485,Đặng Nam,Hòa,True,1999-11-05 00:00:00,dnhoa@gmail.com,0987487462          ,223817673650,2000000,CN
C0486,Mã Thị Thanh,Hương,False,1999-08-29 00:00:00,mtthuong@gmail.com,0987572666          ,876502838928,1000000,CN
C0487,Vương Văn Minh,Trọng,True,1999-02-28 00:00:00,vvmtrong@gmail.com,0168761868          ,357093547375,0,CN
C0488,Nguyễn Bạch,Thanh,False,1999-06-13 00:00:00,nbthanh@gmail.com,0913921331          ,769521524281,0,CN
C0489,Phạm Văn Minh,Thiện,True,1999-05-21 00:00:00,pvmthien@gmail.com,0168648235          ,757653856681,0,CN
C0490,Phạm Minh,Thu,False,1999-10-07 00:00:00,pmthu@gmail.com,0987774343          ,885266473168,1000000,CN
C0491,Đàm Phương,Ngọc,False,1999-12-11 00:00:00,dpngoc@gmail.com,0168945461          ,823576923388,0,CN
C0492,Bạch Văn,Trọng,True,1999-06-18 00:00:00,bvtrong@gmail.com,0913251389          ,625173073725,0,CN
C0493,Đinh Phú,Mỹ,False,1999-02-06 00:00:00,dpmy@gmail.com,0987696469          ,574067785564,3000000,CN
C0494,Cao Nam,Hòa,True,1999-07-11 00:00:00,cnhoa@gmail.com,0913210583          ,747241670565,1000000,CN
C0495,Khương Văn,Thăng,True,1999-04-26 00:00:00,kvthang@gmail.com,0168372401          ,838207305432,0,CN
C0496,Đàm Thanh,Mỹ,False,1999-11-07 00:00:00,dtmy@gmail.com,0987158102          ,045330756410,0,CN
C0497,Đàm Bạch,Thanh,False,1999-09-26 00:00:00,dbthanh@gmail.com,0913476530          ,920017220788,1000000,CN
C0498,Lê Thảo,Thúy,False,1999-09-09 00:00:00,ltthuy@gmail.com,0987282354          ,722901735535,1000000,CN
C0499,Trần Thảo,Thúy,False,1999-01-16 00:00:00,ttthuy@gmail.com,0168146516          ,180691503172,0,CN
C0500,Cao Văn,Bảo,True,1999-11-14 00:00:00,cvbao@gmail.com,0987580257          ,101478507741,1000000,CN